{"cameraMode":{"drawMode":0,"name":"Shaded","section":"Shading Mode"},"sceneLighting":true,"audioPlay":false,"sceneViewState":{"showFog":true,"showMaterialUpdate":false,"showSkybox":true,"showFlares":true,"showImageEffects":true,"showParticleSystems":true},"in2DMode":false,"pivot":{"x":-14.722114562988282,"y":11.086419105529786,"z":6.131185531616211},"rotation":{"x":0.25142961740493777,"y":-0.6531531810760498,"z":0.24473057687282563,"w":0.6710311770439148},"size":19.563556671142579,"orthographic":false}