{"cameraMode":{"drawMode":0,"name":"Shaded","section":"Shading Mode"},"sceneLighting":false,"audioPlay":false,"sceneViewState":{"showFog":true,"showMaterialUpdate":false,"showSkybox":false,"showFlares":true,"showImageEffects":true,"showParticleSystems":true},"in2DMode":false,"pivot":{"x":-11.643210411071778,"y":0.39418303966522219,"z":3.450481653213501},"rotation":{"x":-0.2574659585952759,"y":-0.007503492757678032,"z":0.0020431005395948889,"w":-0.9662826657295227},"size":3.720832586288452,"orthographic":false}