{"cameraMode":{"drawMode":0,"name":"Shaded","section":"Shading Mode"},"sceneLighting":true,"audioPlay":false,"sceneViewState":{"showFog":true,"showMaterialUpdate":false,"showSkybox":true,"showFlares":true,"showImageEffects":true,"showParticleSystems":true},"in2DMode":false,"pivot":{"x":-24.47469711303711,"y":-14.834251403808594,"z":20.81719207763672},"rotation":{"x":0.2451295256614685,"y":-0.6613709926605225,"z":0.24354390799999238,"w":0.6657630205154419},"size":22.28969383239746,"orthographic":false}