{"cameraMode":{"drawMode":0,"name":"Shaded","section":"Shading Mode"},"sceneLighting":true,"audioPlay":false,"sceneViewState":{"showFog":true,"showMaterialUpdate":false,"showSkybox":true,"showFlares":true,"showImageEffects":true,"showParticleSystems":true},"in2DMode":false,"pivot":{"x":-9.34660530090332,"y":-0.028357509523630143,"z":-2.987680196762085},"rotation":{"x":0.11475901305675507,"y":-0.7616934776306152,"z":0.14048126339912415,"w":0.6220785975456238},"size":0.4502185583114624,"orthographic":false}