{"cameraMode":{"drawMode":0,"name":"Shaded","section":"Shading Mode"},"sceneLighting":true,"audioPlay":false,"sceneViewState":{"showFog":true,"showMaterialUpdate":false,"showSkybox":false,"showFlares":true,"showImageEffects":true,"showParticleSystems":true},"in2DMode":false,"pivot":{"x":-0.05335881561040878,"y":-0.05319996550679207,"z":0.054744869470596316},"rotation":{"x":0.0465969517827034,"y":-0.14449389278888703,"z":-0.006755334325134754,"w":-0.9884129762649536},"size":0.2784612774848938,"orthographic":false}