{"cameraMode":{"drawMode":0,"name":"Shaded","section":"Shading Mode"},"sceneLighting":true,"audioPlay":false,"sceneViewState":{"showFog":true,"showMaterialUpdate":false,"showSkybox":true,"showFlares":true,"showImageEffects":true,"showParticleSystems":true},"in2DMode":false,"pivot":{"x":-20.156761169433595,"y":2.9009199142456056,"z":-1.6241140365600587},"rotation":{"x":0.05901335924863815,"y":-0.6702218055725098,"z":0.0535912849009037,"w":0.7378806471824646},"size":11.154215812683106,"orthographic":false}