{"cameraMode":{"drawMode":0,"name":"Shaded","section":"Shading Mode"},"sceneLighting":true,"audioPlay":false,"sceneViewState":{"showFog":true,"showMaterialUpdate":false,"showSkybox":true,"showFlares":true,"showImageEffects":true,"showParticleSystems":true},"in2DMode":false,"pivot":{"x":-19.628583908081056,"y":-7.489851951599121,"z":8.735689163208008},"rotation":{"x":-0.16993321478366853,"y":0.5620450377464294,"z":-0.11922404170036316,"w":-0.8006677627563477},"size":17.18045997619629,"orthographic":false}