{"cameraMode":{"drawMode":0,"name":"Shaded","section":"Shading Mode"},"sceneLighting":true,"audioPlay":false,"sceneViewState":{"showFog":true,"showMaterialUpdate":false,"showSkybox":true,"showFlares":true,"showImageEffects":true,"showParticleSystems":true},"in2DMode":false,"pivot":{"x":-1.2281054258346558,"y":11.203540802001954,"z":190.11257934570313},"rotation":{"x":-0.20503872632980348,"y":0.7449448108673096,"z":-0.2647008001804352,"w":-0.5770621299743652},"size":2.972174882888794,"orthographic":false}